			{
    "command": {
        "id_command": {
            "uuid": "00001",
            "description": "NGC 7000",
            "date": "2024-10-02",
            "time": "00:05:00",
            "process": "wait",
            "max_retries": 3,
            "result": true,
            "message": {},
            "nb_try": 1
        },
        "calibration": {
            "do_action": false,
            "wait_before": 10,
            "wait_after": 20
        },
        "goto_solar": {
            "do_action": false,
            "target": "planet_name",
            "wait_after": 10
        },
        "goto_manual": {
            "do_action": true,
            "target": "NGC 7000",
            "ra_coord": "20:52:58.31",
            "dec_coord": "+45:41:34.2",
            "wait_after": 40
        },
        "setup_camera": {
            "do_action": true,
            "exposure": "13",
            "gain": "80",
            "count": "150",
            "wait_after": 30
        },
        "setup_wide_camera": {
            "do_action": false,
            "exposure": "10",
            "gain": "90",
            "count": "10",
            "wait_after": 30
        }
    }
}
