{
    "command": {
        "id_command": {
            "uuid": "00001",
            "description": "First Test",
            "date": "2024-09-24",
            "time": "08:00:00",
            "process": "wait",
            "max_retries": 2,
            "result": false,
            "message": {},
            "nb_try": 1
        },
        "calibration": {
            "do_action": true,
            "wait_before": 10,
            "wait_after": 10
        },
        "goto_solar": {
            "do_action": false,
            "target": "planet_name",
            "wait_after": 10
        },
        "goto_manual": {
            "do_action": true,
            "target": "VEGA",
            "ra_coord": 18.6152268611111,
            "dec_coord": 38.78441583333333,
            "wait_after": 20
        },
        "setup_camera": {
            "do_action": true,
            "exposure": "10",
            "gain": "80",
            "binning": "0",
            "IRCut": "0",
            "count": "10",
            "wait_after": 3
        },
        "setup_wide_camera": {
            "do_action": false,
            "exposure": "10",
            "gain": "90",
            "count": "10",
            "wait_after": 30
        }

    }
}